id,name,email,phone,membership_date
library_member_fatima,Fatima Rahman,fatima.rahman@email.com,01711234567,2024-01-15
library_member_kamal,Kamal Hossain,kamal.hossain@email.com,01812345678,2024-02-01
library_member_nusrat,Nusrat Jahan,nusrat.jahan@email.com,01913456789,2024-02-20
library_member_rafiq,Rafiq Ahmed,rafiq.ahmed@email.com,01614567890,2024-03-05
library_member_sultana,Sultana Begum,sultana.begum@email.com,01515678901,2024-03-15
library_member_imran,Imran Khan,imran.khan@email.com,01716789012,2024-04-01
library_member_tasnim,Tasnim Akter,tasnim.akter@email.com,01817890123,2024-04-20
library_member_shahidul,Shahidul Islam,shahidul.islam@email.com,01918901234,2024-05-10
library_member_rubina,Rubina Khatun,rubina.khatun@email.com,01619012345,2024-05-25
library_member_arif,Arif Hasan,arif.hasan@email.com,01520123456,2024-06-01
